INSERT INTO "Client" (id_client, name_cl, bank_doc)
              VALUES (1,'Рога и копыта','5544 7898 5665 0011'),
						   			 (2,'Веселые пчелки','4554 8778 6556 3223'),
						  			 (3,'Радуга','2112 0021 0201 1234'),
										 (4,'Молочная сказка','7894 5648 5612 0235'),
						  			 (5,'Летний день','9889 7548 5689 1524'),
						 				 (6,'Кот в сапогах','3265 5784 6598 5124');
SELECT * FROM "Client";

INSERT INTO "Contract" (contract_id,started_at,finished_at,c_number,client_id) 
                VALUES (1,'2020-02-02','2024-02-02','CH7854',2),
						   	  		 (2,'2021-04-14','2026-10-10','HG7777',3),
						  				 (3,'2022-03-12','2023-11-04','AA3636',3),
											 (4,'2023-01-01','2026-01-01','HR7847',4),
						  				 (5,'2021-07-07','2024-08-08','KL6969',2),
											 (6,'2022-09-10','2024-10-09','MN7896',5),
											 (7,'2020-11-12','2027-11-12','AD3223',1),
											 (8,'2019-12-21','2023-12-21','ML2104',5),
											 (9,'2017-11-28','2021-10-29','CR9854',5),
											 (10,'2023-01-01','2028-12-31','KL7845',6),
						 					 (11,'2021-12-15','2024-12-15','LO8752',4);														 
SELECT * FROM "Contract";	

INSERT INTO "Rooms" (id_room, name, use_volume, temp_min, temp_max, wet_min, wet_max)
             VALUES (1, 'MiniRoom', 20, 0.0, 11.0, 10.0, 70.0),
                    (2, 'AverageRoom', 30, 9.0, 35.0, 40.0, 80.0),
                    (3, 'MaxiRoom', 40, 4.0, 19.0, 20.0, 90.0),
                    (4, 'GoodMaxiRoom', 55, 6.0, 30.6, 15.5, 75.5),
                    (5, 'LuxeryRoom', 70, 8.0, 16.8, 25.0, 65.0),
                    (6, 'BigEliteRoom', 80, 0.0, 20.0, 40.0, 70.0);
SELECT * FROM "Rooms";

INSERT INTO "Rack" (id_rack, "number", quantity, room_id)
            VALUES (1, 11, 5, 1),
                   (2, 12, 5, 2),
                   (3, 15, 5, 3),
                   (4, 16, 5, 3),
                   (5, 17, 5, 4),
                   (6, 18, 5, 4),
                   (7, 21, 5, 5),
                   (8, 22, 5, 5),
                   (9, 23, 5, 5),
                   (10, 26, 5, 6),
                   (11, 27, 5, 6),
                   (12, 28, 5, 6);
SELECT * FROM "Rack";

INSERT INTO "Place" (place_id, high_pl, lenght_pl, width_pl,rack_id)
             VALUES (1, 22.0, 30.0, 50.0,1),
                    (2, 22.0, 30.0, 50.0,1),
                    (3, 22.0, 30.0, 50.0,1),
                    (4, 22.0, 30.0, 50.0,1),
                    (5, 22.0, 30.0, 50.0,1),
                    (6, 22.0, 30.0, 50.0,2),
                    (7, 22.0, 30.0, 50.0,2),
                    (8, 22.0, 30.0, 50.0,2),
                    (9, 22.0, 30.0, 50.0,2),
                    (10, 22.0, 30.0, 50.0,2),
                    (11, 22.0, 30.0, 50.0,3),
                    (12, 22.0, 30.0, 50.0,3),
                    (13, 22.0, 30.0, 50.0,3),
                    (14, 22.0, 30.0, 50.0,3),
                    (15, 22.0, 30.0, 50.0,3),
                    (16, 22.0, 30.0, 50.0,4),
                    (17, 22.0, 30.0, 50.0,4),
                    (18, 22.0, 30.0, 50.0,4),
                    (19, 22.0, 30.0, 50.0,4),
                    (20, 22.0, 30.0, 50.0,4),
                    (21, 22.0, 30.0, 50.0,5),
                    (22, 22.0, 30.0, 50.0,5),
                    (23, 22.0, 30.0, 50.0,5),
                    (24, 22.0, 30.0, 50.0,5),
                    (25, 22.0, 30.0, 50.0,5),
                    (26, 22.0, 30.0, 50.0,6),
                    (27, 22.0, 30.0, 50.0,6),
                    (28, 22.0, 30.0, 50.0,6),
                    (29, 22.0, 30.0, 50.0,6),
                    (30, 22.0, 30.0, 50.0,6),
                    (31, 22.0, 30.0, 50.0,7),
                    (32, 22.0, 30.0, 50.0,7),
                    (33, 22.0, 30.0, 50.0,7),
                    (34, 22.0, 30.0, 50.0,7),
                    (35, 22.0, 30.0, 50.0,7),
                    (36, 22.0, 30.0, 50.0,8),
                    (37, 22.0, 30.0, 50.0,8),
                    (38, 22.0, 30.0, 50.0,8),
                    (39, 22.0, 30.0, 50.0,8),
                    (40, 22.0, 30.0, 50.0,8),
                    (41, 22.0, 30.0, 50.0,9),
                    (42, 22.0, 30.0, 50.0,9),
                    (43, 22.0, 30.0, 50.0,9),
                    (44, 22.0, 30.0, 50.0,9),
                    (45, 22.0, 30.0, 50.0,9),
                    (46, 22.0, 30.0, 50.0, 10),
                    (47, 22.0, 30.0, 50.0, 10), 
                    (48, 22.0, 30.0, 50.0, 10), 
                    (49, 22.0, 30.0, 50.0, 10), 
                    (50, 22.0, 30.0, 50.0, 10), 
                    (51, 22.0, 30.0, 50.0, 11), 
                    (52, 22.0, 30.0, 50.0, 11), 
                    (53, 22.0, 30.0, 50.0, 11), 
                    (54, 22.0, 30.0, 50.0, 11), 
                    (55, 22.0, 30.0, 50.0, 11), 
                    (56, 22.0, 30.0, 50.0, 12), 
                    (57, 22.0, 30.0, 50.0, 12), 
                    (58, 22.0, 30.0, 50.0, 12), 
                    (59, 22.0, 30.0, 50.0, 12), 
                    (60, 22.0, 30.0, 50.0, 12);
SELECT * FROM "Place";

INSERT INTO "Product" (id_product,high_pr,width_pr,lenght_pr,weight_pr,temp_min_pr,temp_max_pr,wet_min_pr,wet_max_pr,id_place,id_contract) 
			  VALUES  (1, 15.5 , 5.3 , 20.0 , 10.5 , 0.0 , 10.0 , 40.0 , 60.0, 1,1),
					      (2, 25.5 , 5.2 , 21.0 , 30.5 , 10.0 , 20.0 , 20.0 , 60.0, 26,1),
					      (3, 35.0 , 6.3 , 20.9 , 100 , 25.0 , 27.0 , 50.0 , 70.0, 31,2),
					      (4, 15.6 , 5.8 , 21.1 , 25.5 , 25.0 , 28.0 , 20.0 , 60.0, 40,4),
					      (5, 16.6 , 3.3 , 20.0 , 13.0 , 9.0 , 11.0 , 20.0 , 60.0, 15,3),
					      (6, 21.1 , 5.5 , 22.0 , 74.1 , 19.0 , 21.0 , 50.0 , 60.0, 6,7),
					      (7, 15.5 , 6.6 , 20.0 , 54.6 , 0.0 , 10.0 , 25.0 , 65.0, 17,11),
					      (8, 15.8 , 8.3 , 28.0 , 18.5 , 8.0 , 10.0 , 40.0 , 60.0, 38,9),
					      (9, 17.7 , 10.0 , 26.0 , 25.3 , 12.0 , 13.0 , 50.0 , 60.0, 49,10),
					      (10, 21.4 , 7.3 , 27.8 , 87.5 , 14.0 , 16.0 , 20.0 , 50.0, 10,8),
					      (11, 16.5 , 5.3 , 20.0 , 10.5 , 12.0 , 19.0 , 40.0 , 70.0, 11,6),
					      (12, 11.4 , 5.7 , 26.6 , 14.5 , 12.0 , 19.0 , 20.0 , 65.0, 12,5),
                (13, 19.9 , 9.9 , 20.9 , 19.5 , 18.0 , 20.0 , 50.0 , 75.0, 21,5),
					      (14, 8.5 , 5.3 , 28.0 , 18.5 , 8.0 , 18.0 , 40.0 , 60.0, 43,11),
					      (15, 15.4 , 5.4 , 20.4 , 23.4 , 19.0 , 20.0 , 45.0 , 60.0, 57,7),
					      (16, 15.5 , 5.3 , 20.0 , 17.5 , 19.0 , 21.0 , 20.0 , 40.0, 60,2);
SELECT * FROM "Product";	
